30049,46729
48865,47489
58389,59015
28825,29054
48263,47583
50067,54998
54772,57162,58935
21824,44136,43610,44488,49304,50030,48479,47104,47301,49489,47467,47358,47942,46512,47685,47640,47338,48157,47804,47893,47377,47781,47331,47548,48634
56002,58197
46245,19005,19010
53249,53805
47855,48085,47628
55160,58390
47538,48280
42906,43098
45707,50657
44856,50303
41696,45172
14198,43568,41825,42800,43003,41740,42929,43273,49263,46990,46427,47353,48511,47780,49105,48249,47687,47642
15500,41787
47296,48116,46768
49256,49415
53310,55057
44312,43794
48713,46621
55294,54863
46761,19143
46673,48115
53238,55246,57406
46474,29212
41540,44041
54942,60991
42295,17512
48918,49141
42168,13896
8571,8818
53404,55193
52867,52875,54042,54092
55459,58374
59431,58706
13919,43709
53434,53433,53435
55456,61337
45363,42375
48795,49360
46691,49649
56101,57131
54773,60994
19087,18730
28562,28563,30124
43200,16072
44445,41654
47383,47936
45194,44975
54145,54249
52944,52945,61744
42164,42350
55030,55298
52870,52880
10446,28936
47847,49281
44934,45344
48856,49567
44144,43392
50232,48099
41445,42968,44366
48456,48899
28937,29171
53192,55577,60998
44972,44918
22996,41645,43670
47138,47071
55432,55295
45062,50714,44951
41956,42997,9458,57581,56990
42213,17704
54135,45724,27932,45978,58604,27947
43157,44814
60301,60769
42647,44322
44178,58806
44139,44460
48091,49758
8990,8653
46410,50541
46004,44604,46473
47462,48123,48746
45577,43044
55495,56554
56592,58363
41410,46233
43116,43946
48338,50323
47371,47621
55264,59349,59851
48748,55119
56234,55736
47047,47133,47052,48664
48637,48641
47606,50276
42421,54257,41580,42950,42928,42371,43692,45663,41743
53240,55570
48790,49122
44377,41808
52902,53978
48287,48147,48927
53981,55125
58527,60028
41904,44336,44825,43515
59792,59361
46896,46897
43986,44321
49283,47476
54952,58589
41660,44353
46649,48217
8316,8475
4,554,571,590
41650,41949,44877,45751,45221,44687,61528,16076
41698,43669,44208
41393,46196
44852,53531,27106
41411,44461
48201,48540
46419,49053
8088,8191,44670
46320,50525
44454,46016,44865,47557,45570
18531,18708
44409,44410
48562,48350
59895,58555
47219,48034
41552,44979,44455
44001,45987
56296,21771
11992,13199,13202
55911,60081
50088,49202
44515,43261,43254
41932,41981
45667,45406
44573,45504,50498
45195,17646
49012,49538,59060
52878,43846,44860,43705,53088,53416
52884,42208,44059,43910,46147,59671
47049,47136
55849,57745
54467,60945
46413,48235
56624,56232
41387,41431,41443,41495,41640,41643,43242,44335,44448,45891,45417,44988,41611,43547,30275,43280,44111,41642,45497,50897,27937,27950,43750,41578,44925,45420,47731,48945,44018,49427,47215,49547,45336,45438
49021,50107
53368,55944
53199,54466,59502
46467,46739
60582,61498
58139,56443
43399,42940
42194,42895,42656
41753,43580
58531,60782
52960,55059,55186,60933
41891,44204,44205
48488,50112
16068,16122
55789,55826
54252,58578
46197,54583
46657,47046
57467,55746
42713,15389
9753,9732,11537
54745,55344
54944,55672
41733,42572
54954,58587
44735,43447,47054,46468,46656,47006,47871,46921
44244,44901
56625,58460
52912,57185,61236
57461,56391,57702
8380,13399,13423,13472
55548,55607,61384
54595,55157
41545,44337
45677,43818
59882,46949,53880
42049,43386
55284,61936
55975,59436
46797,47935
49995,48891
8473,41718
58547,56208
49536,55501
14272,14404,17205
46493,60715
60353,56113
46645,49972
9096,8443
41430,45186,50362
46489,46717,46790
56058,58216
42113,43299
41894,43970
13892,42829
46236,44641
45275,55081
46924,47022
42322,43390,42425
41791,44457
44238,43536
43041,49284
9092,8783
47793,48428
56094,56854
46560,29196
12112,47295,43369
44362,44631,44361
43834,44303
43965,43967
55481,61098
55671,60062
41597,44331
47605,60733
56623,56235
54737,61088
42181,14479
50692,50691
28564,28565,30125
29398,59865
48642,48887
47994,49111
53511,61292
48009,48469,49171
46980,48937
8959,41920
24497,45681,43225
27921,27935
41697,45324,45326,44202
41434,46007,46492
58686,58691
42122,14711
46522,48848
55637,55512
53233,43527,41458
44328,44681
44424,44022,42391
27917,27938
47829,57983
58299,59317
47574,49092
30048,47644
48844,49219
15489,55360
16082,44271,16136
44986,45039,50745
44110,44628
54447,59906,60117
54433,61331
13876,13877,14505,14186,14500,14189
42742,41724
56716,54609
55694,57186
44320,44857,42931,45072
44345,44381
5105,53748
45700,44368
61021,54865,60172,61476
14070,14118
55171,55033,56239
11900,11918,11847
43391,45457
55194,55315
53965,54132
44034,9306
43395,45063
41811,44440,49248,44355,43808,44734,50288,46539
46341,46875
49383,56810
48218,49797
43811,43812
43864,45301
8484,41874
48817,48325
29188,47844,10379,57543,55477,57700
46731,49585
48782,48785
44309,44571
43899,45926
46923,47091
54540,59942
33478,54742
9898,47388
22706,54057
52871,60298,61232
44582,45731
52909,44613,49599
55303,56236
27934,27948
49405,46400
8867,42416
46985,48826
50713,43345,45849,55201
41538,44945
50186,56041
46733,49586
58634,60196
41587,55864,41429,42460,42762
17658,14891
48561,49773
50185,55991
53020,61782
47677,49746
45231,43875
58084,59185,59727
57446,57240
52976,56294
45501,45807
54774,60548,55730
18525,19085,18980
55972,54999
43008,43388,44088
43216,43170
44137,44625,41668,41662
53028,60479,61009
44311,41673
59164,60518
45505,48920
43671,44071
41667,42464
45268,45626
54748,55254
48221,48224
56255,57460,59998,60055,59567
29432,29430
60063,59160
53223,54959
55581,60077
45706,614,45170
29375,57318
13473,24394,26002,41527,44830,45191,45760,41564,55094,13840,43927,28549,44367,44158,43810,44357
47508,58470
45264,42497
41593,44329
45454,45041
25519,24492,45499,43630,54388,44966,60340
45722,45995
47121,47124
54933,55441
46838,46846
53232,44822,44823
48326,48816
44937,44940
58403,59018,60951
49056,48204
45747,43444,619,1641
47676,47914
53147,53977,55327
44468,44431
53565,53568
28145,53820,13838,45665
327,328
329,330
343,1768
355,1751
379,475
588,1725
745,782
803,885
849,1047
905,906
923,1194
924,1195
946,1425
1048,1505
1073,1075
59972,54434
59484,58086
56342,56754,58582
1106,1529
55154,56758
58092,59500
1105,1524
1125,1127
1151,1152
1214,19009
1248,1254
1352,1431
1371,1373
1438,1440
1458,9540
1617,1619
1682,1685
2317,2319
2323,7395
2351,2353
2420,2421
2437,2439
2483,2486
2485,2489
2590,2592
2762,2763
2862,2863
2898,2901
2920,2929
2922,7500
2967,2968
2988,2989
2993,2996
3136,3146
3138,3147
3172,3177
3450,3454
3459,3463
3476,3499
3484,3489
3551,3558
3652,3663
3713,3715
3697,3704
3748,3751
3846,3852
3947,3953
3974,4126
3964,4115
3990,4002
4012,4015
4035,4041
4133,4142
4132,4141
4136,4144
4165,4178
4263,4269
4298,4304
4316,4323
4462,4472
4495,4516
4552,4555
4695,4707
4760,4771
4817,4836
4896,4920
4898,4943
4967,4976
4983,4993
4999,5009
5020,5033
5242,5249
19263,19266
5266,5272
5316,6677
5380,5392
5411,5416
5405,5418
5415,6199
5635,5648
5709,5741
5718,5727
5735,5747
5828,5857
5989,5998
6032,6057
6065,6079,6099
6133,6146
6167,6176
6332,6354
6407,6415
6484,6487
6665,6684
6680,6688
6682,6691
6801,6810
6813,6820
6826,6833
6870,6879
6893,6903
7000,7014
7097,7106
7157,7188
7167,7180
7164,7184
7183,7189
7187,7195
7198,7204
7229,7290
7324,7356
7428,7432
7497,7505
7571,7575
7601,7607
7654,7669
52512,52780
52482,52577
7913,7916
7926,7930
8119,8124,8139
8118,8147
8125,8140
8098,8102
8241,13803
8170,8240
8237,14273
8271,8288
13633,13740
13501,13429
13743,14073
8361,8364
8372,13754
8385,14092
8413,8415
8452,8455
8579,8738
8578,8736
8602,8686
8623,8759
8704,42886
8713,8716
8739,8992
8768,8769
16149,15424
8803,14847
8845,42903
8887,9040
8901,14846
8903,14849,15951
56927,56707
56704,59238
8969,15220,17097
15225,17106
9116,9282
9127,9433
15411,15824,15603
9271,14903
9369,9374
9492,9711
9521,9712
9571,16610
9569,16601
9618,9622
9670,9673
9681,17751
10123,10124
10217,10358
10250,11447
10400,10441
10496,10641
10505,10525
10516,23832
10540,11162
10619,11012
10573,10835
10663,11004
10597,11244
10607,11250
18818,18657
18661,10699
10642,11238
10648,10786
10655,10817
10653,10660
10706,24523
10700,24512
10824,10831,10905
10827,10834
10851,11063
10989,29068
11127,11137
11204,28912
25355,25904
11265,25120,46464
11352,11361
11593,11598
11616,11620
11719,11724
12024,12134,12903
12062,12063
12221,12297
12233,12252
12224,12254
12387,12531
12394,12604
12534,22300
12539,22292
12293,12294
12352,12357
12348,12355
12381,12383
12388,12390
12396,12397
12371,12373
12441,12460
12495,12509
12585,12610
12699,21266
12691,21264
12731,12824
12761,12767
12866,13083
12879,13129
12954,12981
12967,13163
12964,13158
13107,13125
13113,13119
13330,13349
13335,14071
13358,14330
13394,13395
13790,13791
13559,13753
13564,13619
13632,13723
13652,13869
13819,14236
13818,14542
13933,14381
13948,13949
13972,43522
13981,13983
13980,13982
13995,13997
14005,14007
14012,14227
16987,17559
14043,15354,16978
14103,14598
14127,46532
14122,14123
14129,15123,15377
14163,14166
14254,14931
14249,14918
14282,14364
14389,14395
14454,14459,16617
14464,14967
14533,15761
14572,14946
14627,14673
14630,14962
14767,15174
14764,15171
14838,15294
14882,14885
14938,15576
14963,14964
15084,15271
15086,15480
15205,15209
15299,15303
15319,16958
15400,17192
15394,15973
15412,15493
15475,16209,16245
15509,17428
15637,16650
15782,15789
15800,15806
15940,16326
15967,15972
16016,16022
16043,16048
16050,16058
16063,17048
16224,16244,17248
16283,16345
16278,16338
16337,16492
16317,16608,16984
16432,17011
16331,17167
16349,16358
16360,16368
16381,17255
16386,16713,17263
16377,16703
16567,16570
16730,16742
16906,16919
16899,16905
16910,16924
16959,16967
17085,17093
17109,17116
17189,17200
17247,17252
17417,17609
17430,17437
17466,17476
17677,17686
17938,17943
46249,46253
18077,19374
18139,18143
18211,18212
18224,18225
18316,18438
18695,18914
18402,18786
18527,18533
18641,18655
18671,18678
18807,18823
18836,18845
18828,18838
18962,18968
19014,19017
19156,19351
19183,19369
19213,19228
19309,19313
19317,19334
19326,19328
19385,19392
19468,47764,46342
19636,19753
19666,19667
19679,19680
19706,19980
19734,19766
19851,19852
19953,19976
20100,20103
20466,20529
20499,20510
20577,22584
20762,20765
20775,20831
20785,20898
20936,21052
20943,20966
20973,21743
20984,21041
21107,22344
55833,57263
21166,21173
21207,21825,22278
21202,21832,22268
21213,21848,22272
21220,21256
21682,21690
21857,21875
21877,49561
21905,21911
22180,22197
22207,22269
22202,22274
22327,22333
22328,22334
22765,23166
22772,23141
22773,23142
22803,23158
22811,23180
22825,23162
22831,23139
22844,23181
22854,23092
22876,26426
22891,23156
22902,23168
22903,23169
22905,23163
22911,23100
22952,23154
22953,23155
22987,23160
23062,23182
23098,26452
23099,26454
23094,26448
23097,26450
23096,26425
23102,26458
23119,26480
23140,26508
23165,26580
23167,26488
23443,23447
23516,24447
24718,25170
23628,23908
23634,23640
23690,25752
23717,23875
23927,25446
24002,24008
25383,25541
24393,25557
24475,25813
24588,24601
24634,24900
48781,47449
24644,24651
24654,24667
24800,25594
24790,24798
24801,24806
24997,25026
25162,25169
25166,25172
25340,25349
25818,25805
25804,25866
25915,25919
26000,26004
26139,26147
26592,28514
26604,28501
26695,26859
26701,26706
28195,26865
28321,28402
26694,26767
26765,28409
28398,28502
26681,26654
27041,27040
26764,27714
26632,26633
26945,28440
27521,27523,27634
27033,27313
28204,26903
26913,27874
26912,26899
27060,27363
28176,28261
26849,26850
26985,28075
27315,30848
27280,27281
26910,27279
26909,28223
27054,31309
27534,30486
26965,31176
26984,26986
27006,28354
27012,27261
27045,30609
27065,27543,27998
27545,27999
28120,30586
27206,27205
27097,27821
57424,57095
43414,57516
57090,57423
27151,27923
27153,27154
27176,27177
27178,27179
27479,30537
27199,27242,27391
27320,27457,30539
27375,27655
27376,27377
27426,30406
27689,27903
27572,27638
27617,27618
27754,27755
27756,30987
27767,30879
27766,30877
27786,31060
27868,27869
27871,27873
27920,27931
27919,27929
27930,27953
27936,27955
27928,27952
27933,27954
27943,27957
27945,27958
27941,27956
27968,27969
27984,27986
28248,28368
28249,28370
28317,28408
28678,29294,29733,29908
28677,29833
28600,28602,28676,29663,29905,29732
29538,29665,29832
28660,28661
28706,29863
49157,49454
56537,57476
58213,56607
28987,28990
29010,29011
29045,29882
57924,56103
29200,49985
29322,29324
56710,59251
29426,55416,55466
29514,29518
29520,29779
29522,30164
29610,29611
29697,29736
29796,30119
29801,29845
29896,30042
29954,29956
30126,30137
30127,30140
30143,30144
30236,31129
30279,31223
30331,31092
30337,31105
30344,31143
30388,30389
30442,30746
30503,30504
30534,30667
30550,30656
30617,30636
30633,30961
30634,30963
30772,30990
31080,31081
31107,31108
31123,31219
31164,31337
31250,31251
31340,31372
31497,41113
31385,41357,41359
31384,41180
31394,41298
31414,31440
34780,37500
32106,36618
31442,38154
41249,32049
40717,40718
31496,32275
40658,32277
40665,39728
31540,32162
31542,31543
40253,39126
40247,37534
31628,31668
31969,37531,37933
40250,39128
37797,40265
40411,40959
40410,40708
31598,41039
31597,41038
31594,37571
39386,39634
38707,38718,39586
39395,39643
38715,39590
31822,31823
38702,38392,39631
38444,38708
38445,39595
38712,39582
37196,39579
31647,34125
40618,40451
31678,40453
31686,31687
40449,40226
40435,41273
31755,31756
31762,39585
31798,38899
37765,39383
31808,38723
37770,39332
31859,40457
38566,38995
40021,40692
31850,40240
31853,31854
37649,32124,37769
36606,32123,37773,38109
36742,37664
36739,37640
31914,38900,36743
39221,37156,37036
31915,41021
31952,39794
38763,37491
31963,37492
31961,37487
32019,32021
32098,38844
32096,38842
32139,38187
37248,38259
32165,36836
36000,37724
32199,38027
37415,38475
32218,39200
32240,40845
36419,37498
32262,35516
32258,35513
32279,37613
32294,34101
32306,32309
32308,39195
32322,36870
35599,35765
35736,35739
32346,34741
34997,35007
32381,35471
35021,36540
32444,32445
32463,34051
32466,35607
32461,34047
32490,32494
32491,32493
32498,32935
32545,32547
32699,34247
32719,32721
32876,33301
57169,55839
32956,55838
32958,58476
33082,33083
33115,33123
33179,33181
33200,33646
33198,33658
33464,58722
33851,34297
33895,33897
33922,33926
33960,33968
33989,36317
37235,37672
35514,37345,38098
34090,35153
34080,35149
34085,35144
34096,34843
34170,34978
34195,35717
55010,34309
34331,35255
34476,34488
37711,38183
34712,38658
34703,36176
34684,36152
34692,39134
39552,39553
34711,34742
34748,35299
34847,34853
37955,38063
35091,35094
35128,35130
35224,36115
35264,35267
35290,35293
35390,36092,36093
35434,35467
35431,35465
35487,36369
35489,36366
35537,36323
35579,35581
35589,35593
35657,35660
35805,37972
35807,37974
35825,38645
35854,37586
35858,35860
35872,38339
35924,36524
36085,36828
36174,36183
36180,37941
37872,39054
37871,39569
36264,36268
36297,36303
36346,38133
36401,36407
36446,36454,36459
36588,38263
36629,38239,38502,39152
36658,36660
36695,36699
36707,38368
36713,38881
36719,38136
37892,39774
36917,59579
36938,36939
37001,37006
37004,38178
37024,37028,37429
37086,37341
37143,37154
37160,39309
37258,38476
37335,37679
37435,37437
37447,37451
37458,38589
37656,38150
37660,38575
37816,37818
37919,37921
38099,39272
38096,38102,39271
38184,38737
38277,38278
38290,38293
38509,38511
38517,39290
38553,38554
38663,40122
38673,39153
38733,40736
38732,40733
38809,38813
38836,38839
39015,39018
39179,39182
39252,40955
39404,39409
39436,39802
39480,39481
39494,40023
39511,39513
39709,39710
39718,39720
39719,39721
39809,39814
39822,39823,39825,39827,39829
39867,39869
39886,39887
39912,39913
39917,39919
40111,40815,40882
40151,40154
40232,40234
40339,40340
40436,40437
40766,53329
40871,40874
40922,40991
40941,40942
40972,40974
40990,40992
40995,41262
41294,41376
41308,41310
41315,41317
41349,41352
54074,61295
54833,59853
54832,59856
53770,61234
54076,55879
41860,42817
43091,43588,49215
43555,43556
43665,43666
50595,50905
44087,44233
44540,44755
44591,44711
57510,61038
45138,45352
45222,45223
45400,45404
46324,49465
47192,47041
46571,46573
46702,46704
46799,46801
48833,48834
47211,50848
55650,57594
55648,60641
53396,53933
54979,55654
54698,60746
47315,60921
47317,47318
47379,47408
47523,47525
48060,57286
48096,48097
48193,48592
56416,57250
56417,57241
55803,59076
61110,61428
59118,59072
48290,50132
48314,50456
48336,49747
49081,49085
49249,49250
49331,49333
54800,60961
49700,49701
49901,49902
49977,57965
50254,50559
50528,50531
50708,53115,53473,53882
50767,60345
51072,62015
51050,62031
51049,62028
51171,51173
51190,51191
51193,51194
52180,52337
51282,52560
51308,62014
51358,52830
51774,52579
51425,51641
52561,52562
51433,51434
52495,52210
51916,52152,52574
51627,52368
51629,51630
51756,52578
51828,51829
51833,51834
52150,52167
52183,52522
52269,52348
52268,52347
52543,52551
52688,52690
52886,55103,55380
52887,57977,55050,55726
54941,61239
52931,52932
61008,61318
53036,61019
61014,61321
60690,60701
59847,55521
53177,61513
55347,61540
55167,58027
53210,58479,58658
59682,58996
57227,58087
53228,58641
58813,56487
57217,60271,57215
53254,55687
57096,59311
54951,54932
53265,53267
53277,58081
53290,53507
54108,60296
61657,61663
53422,53423
53515,53516,60834
53796,61230
53644,60835
53660,59814,59819
53669,53670
53743,53744
53786,53787
55308,57867
54445,61523
58830,61713
56398,56399
54325,54326
55084,55766
54384,60837
54408,54409
54413,54414
55580,60923
54478,60913
54484,61095
54512,54514
55696,56617,58817
54543,59828,58805
54803,55258
54592,54593
54781,60610
54725,60828
54751,55274
55871,58624
54755,55004
58628,60700
54792,61240
60691,55888
54922,55919
54926,61402
54929,55244
55045,56215
55090,61557
55153,60344
55166,55894
59380,59386
57266,59368
55182,59744
55867,57723,58419
55868,58045
55252,60336
58074,61918
55337,55338
55346,55767
59217,59221
55386,55387,61687
55404,55405
55415,57224
60402,55642
55453,58303
55454,58296
55532,59858
55551,57622
55550,57713
55583,55587
55620,56265
59947,58662
55683,59425
55775,59202
55800,60030,58102
55807,56761,58106
56920,56921
55870,60554
60038,60532
55880,57743
55877,59260
55939,61151,61273
55943,60260
55978,58510,59665
59831,59822
56105,56106,60841
56142,56720
56165,58144
59341,59560
56179,56865,57863
56184,56356
56212,59554,59564
56214,59562
56251,57666
56299,57167
56321,60148
56338,58471
56339,58474
56394,57007
56465,56469
56510,56511
56518,56520
56531,56532
56530,59811
56609,60045
58100,56665
56645,56668,56664
56674,60833
57515,57520
56799,58892
56813,56814
56861,56873
56938,59356
56951,60517
56960,58305
56968,56969
60611,60614
57116,58529
57183,57915
57337,57340
57357,57359
57385,57391
57396,57464
57410,57411
57552,59302
57592,58520
57616,60711
57680,60116
57785,57791
57795,58265
57797,61119
57879,61209
57873,58090
57916,60795
58032,59314
58026,59309
58075,58085
58131,58730
58220,59254
58388,59257
58394,59250
58946,58951
58543,59646
58657,58673
58676,58685,59628
58875,59700
58889,60964
58923,59809
58939,59816
58969,59571
59071,59456
59079,59462
59086,59336
59142,59154
59171,59181
59294,59298
59295,59297
59508,59513
59538,59547
59578,59583,61679
59717,59719
59718,59725
59815,60977
60051,60060
60043,60052
60064,60069
60238,60246
60350,60357
60425,61771
60423,60429
60609,60613
60983,60987
61026,61029
61043,61048
61118,61125
61142,61981
61137,61984
61150,61983
61438,61442
61696,61699
61779,61781
62246,62399
62352,62427
62368,62370
62487,62611
